extent_x,extent_y,aspect_ratio,area,num_points,compactness,elongation,density,label
0.1386535962433412,0.048293082030243,2.871086093791052,0.006696009497167869,7.0,0.0,2.871086093791052,1045.398756223495,1
0.1532520155680558,0.0589993134400482,2.597522015638062,0.00904176370181887,5.0,0.0,2.597522015638062,552.989457023101,1
0.1393808388921866,0.0510375541846094,2.7309466748353217,0.007113657117256288,7.0,0.0,2.7309466748353217,984.0226882765296,1
0.158826366961663,0.0765529594364798,2.07472536830467,0.012158628427459644,8.0,0.0,2.07472536830467,657.9689516567845,1
0.1113101002337545,0.0012686867294289,87.7364739866561,0.00014121764701796504,3.0,0.0,87.7364739866561,21243.803896678397,1
0.1129794128727539,0.0202566828464213,5.577389631329184,0.0022885881347382638,3.0,0.0,5.577389631329184,1310.8518542341815,1
0.1513416429027222,0.0231340158246278,6.541952942800717,0.003501139961836745,5.0,0.0,6.541952942800717,1428.1062895231794,1
0.1108249481336301,0.0071421458293064,15.517037985822352,0.0007915279410957044,3.0,0.0,15.517037985822352,3790.1378387819504,1
0.1513891113667914,0.0599985654852993,2.523212182529337,0.009083129512101702,7.0,0.0,2.523212182529337,770.6594946899863,1
0.1543323475097356,0.0618843490746229,2.4938833455876668,0.009550756866798486,7.0,0.0,2.4938833455876668,732.9262065433013,1
1.4104867078470602,0.0254776118155791,55.36181012792466,0.03593583281356153,16.0,0.0,55.36181012792466,445.23804646491703,0
1.5263500437741797,0.8487743514064552,1.7982989722120524,1.2955267684236438,19.0,0.0,1.7982989722120524,14.665849029980757,0
0.1751230356865683,0.0434611902055375,4.02941186972499,0.007611055563345077,3.0,0.0,4.02941186972499,394.16346064375506,1
1.374571739275806,0.0131673973157777,104.39206065641683,0.01809953223008413,18.0,0.0,104.39206065641683,994.5008396449775,0
0.5192263461543131,0.0566472370481529,9.16596065776245,0.029412737912249666,11.0,0.0,9.16596065776245,373.9876251173059,0
0.6237786365769415,0.0988986362874583,6.307252152232611,0.06169085650270958,8.0,0.0,6.307252152232611,129.6788609126966,0
0.527927000625675,0.0417334382762423,12.649976192500999,0.022032208894973336,11.0,0.0,12.649976192500999,499.26904980052444,0
0.6821558247055843,0.0136545764636846,49.9580361587802,0.00931454886859023,6.0,0.0,49.9580361587802,644.1535800228303,0
0.7488980343203528,0.2586631158872516,2.8952641034711313,0.19371229903914036,6.0,0.0,2.8952641034711313,30.973768985043513,0
0.2213083935741186,0.0952937808239778,2.3223802399330666,0.021089313551758675,3.0,0.0,2.3223802399330666,142.2521407649053,1
0.1603979783065122,0.043989575552332,3.6462724700695386,0.007055838985155628,4.0,0.0,3.6462724700695386,566.906360592322,1
0.1620011699104274,0.022862266707075,7.085962734407881,0.0037037139533503643,4.0,0.0,7.085962734407881,1079.9970112113049,1
0.161776478110088,0.0307334205145578,5.263861796101015,0.0049719445311214895,4.0,0.0,5.263861796101015,804.514204646154,1
0.2005759591983811,0.0692148934073806,2.8978728323374554,0.013882843635999068,3.0,0.0,2.8978728323374554,216.09405671189836,1
0.0950957136985805,0.0105188269907348,9.040524554909284,0.0010002953599558175,4.0,0.0,9.040524554909284,3998.8189090237083,1
0.0702041053012191,0.0022857286662136,30.714102832474417,0.00016046753597287464,3.0,0.0,30.714102832474417,18695.370261727698,1
0.0914048571472346,0.0144018971762913,6.346723353761139,0.0013164033540480676,3.0,0.0,6.346723353761139,2278.936764157209,1
0.0853287442379891,0.0058358222897048,14.621546031057326,0.0004979633875765768,3.0,0.0,14.621546031057326,6024.539303180518,1
0.0753209973376062,0.0011200595583071,67.24731446553535,8.436400300920945e-05,3.0,0.0,67.24731446553535,35560.19028248944,1
0.1421550582508321,0.0622406206133683,2.2839595243415594,0.008847819048861312,7.0,0.0,2.2839595243415594,791.1554204875922,1
0.1418470582141826,0.0553140820341239,2.564393243056542,0.007846139814358444,7.0,0.0,2.564393243056542,892.1584582510234,1
0.1412822168440725,0.0358067306292877,3.9456888233329055,0.0050588542812443175,7.0,0.0,3.9456888233329055,1383.7125188508537,1
0.1369240205586282,0.0109617940385114,12.491022918108243,0.001500932912288583,3.0,0.0,12.491022918108243,1998.75689009023,1
0.0939060338728035,0.0323750886461197,2.9005645327880374,0.0030402161710375328,3.0,0.0,2.9005645327880374,986.7719370021612,1
0.1411119195385616,0.0590002306459786,2.3917180999728793,0.008325635799671908,7.0,0.0,2.3917180999728793,840.7766287682019,1
0.165640067700512,0.0751425568283731,2.204344311557521,0.012446618200241292,4.0,0.0,2.204344311557521,321.3724351183565,1
0.1483313786405629,0.0627034150553017,2.3656028704296412,0.00930088400062433,5.0,0.0,2.3656028704296412,537.5833092493542,1
1.2580169918866666,0.6185834193687636,2.033706291659767,0.7781884524652604,14.0,0.0,2.033706291659767,17.990500830035103,0
1.7970419127410655,0.0224844204594514,79.92387066332738,0.040405445949326886,26.0,0.0,79.92387066332738,643.4776151860077,0
1.6713633170643218,0.1904218523171096,8.77716132222577,0.3182640987302567,27.0,0.0,8.77716132222577,84.83520481172377,0
2.2971163294771526,0.1189932326234186,19.30459639454375,0.2733412977565283,37.0,0.0,19.30459639454375,135.3619094651288,0
1.887504693906895,0.0901531447988426,20.936648390008543,0.17016448397828338,13.0,0.0,20.936648390008543,76.3966704218906,0
0.1311174254219781,0.0430049752247518,3.0488896862917523,0.00563870163180541,6.0,0.0,3.0488896862917523,1064.0747448236427,1
0.1311188491720426,0.0480092428610595,2.731116788313145,0.0062949166735632245,6.0,0.0,2.731116788313145,953.1500274178709,1
0.1317545792008082,0.0158061912180654,8.33563110701974,0.0020825380727037164,6.0,0.0,8.33563110701974,2881.0997881111116,1
0.131461825923949,0.0301332755074864,4.362679586269612,0.003961375419283574,6.0,0.0,4.362679586269612,1514.62544317123,1
0.1309754609498179,0.0346150533378542,3.7837717501531696,0.004533722566727987,6.0,0.0,3.7837717501531696,1323.4157828784469,1
0.1182467283686683,0.0331432277002721,3.5677493284004296,0.003919078243134998,4.0,0.0,3.5677493284004296,1020.6481605736634,1
0.1311102749850993,0.0434391551803014,3.018251032758451,0.005695319580809717,6.0,0.0,3.018251032758451,1053.496632606342,1
0.1313710704035088,0.027803659646108,4.724956069655324,0.0036525965288440503,6.0,0.0,4.724956069655324,1642.6670596160372,1
0.1308586970583607,0.0345233992157801,3.7904348943295036,0.004517687039402615,6.0,0.0,3.7904348943295036,1328.113246373391,1
0.1316509376927218,0.0442053224972291,2.9781693754405705,0.0058196721577693815,6.0,0.0,2.9781693754405705,1030.985910776757,1
0.1306483874069148,0.0431178729815841,3.03002857916288,0.005633280573460145,6.0,0.0,3.03002857916288,1065.0987327468767,1
0.1310990207515169,0.0329248493772199,3.9817652390604983,0.004316415511744719,6.0,0.0,3.9817652390604983,1390.0422662448377,1
0.1312952891854719,0.0500896673843426,2.6212050516932193,0.006576537364431361,6.0,0.0,2.6212050516932193,912.334206819912,1
0.1546681027166054,0.0687751720586431,2.2488944496528958,0.01063732537631842,7.0,0.0,2.2488944496528958,658.0601563231209,1
0.1528069599670997,0.0572088410624883,2.671037502755756,0.00874190908599982,5.0,0.0,2.671037502755756,571.9574466871896,1
0.1497479779389006,0.0445790547552985,3.359155521822771,0.006675623308033481,5.0,0.0,3.359155521822771,748.9937297664734,1
0.1549576205826873,0.0632494559840406,2.449943927134914,0.009800985202436344,7.0,0.0,2.449943927134914,714.2139137461334,1
0.1520179047322698,0.0697446549031796,2.1796351984722406,0.010602436304656591,7.0,0.0,2.1796351984722406,660.2256121949631,1
0.1525330776042509,0.0599891313549006,2.542678551250438,0.009150326828368653,5.0,0.0,2.542678551250438,546.4285695783627,1
0.1480756778941764,0.0780370817461077,1.8975040401425831,0.011555393780438156,5.0,0.0,1.8975040401425831,432.6983653698049,1
0.1490820959826506,0.0476558555372146,3.128305940625322,0.007104634829334358,5.0,0.0,3.128305940625322,703.765938729951,1
0.1513756914853795,0.0643724105189182,2.3515616436468876,0.00974441815488196,7.0,0.0,2.3515616436468876,718.3599768338139,1
0.1512806515621114,0.0615139402099112,2.4592905452955667,0.00930586895510813,5.0,0.0,2.4592905452955667,537.2953373962381,1
0.1464249821327588,0.0402010747902032,3.642315109655771,0.005886441657873204,5.0,0.0,3.642315109655771,849.4095908200203,1
0.1517697134332921,0.0698014495895967,2.1743060398549665,0.010593746001441477,7.0,0.0,2.1743060398549665,660.767211055232,1
0.1508457453104487,0.0710219188263728,2.1239322705321593,0.010713354278742393,7.0,0.0,2.1239322705321593,653.3901351409157,1
0.151907838849241,0.0683996801194335,2.220885223205619,0.010390447584922536,7.0,0.0,2.220885223205619,673.6957135665284,1
0.1515347542272549,0.0763422598426884,1.984939331629806,0.011568505582415019,7.0,0.0,1.984939331629806,605.0911200354622,1
0.151056345054108,0.0575897178323147,2.622974217271601,0.008699292288446847,7.0,0.0,2.622974217271601,804.6631574037806,1
0.1510706083556121,0.0544924450231992,2.772322076781404,0.00823220682043945,7.0,0.0,2.772322076781404,850.3187726795144,1.
0.1515126528342907,0.0669562015009503,2.2628621313313344,0.010144711713116296,7.0,0.0,2.2628621313313344,690.0146793673362,1
0.152475186600402,0.0566820775093677,2.690007023387645,0.008642610345139289,7.0,0.0,2.690007023387645,809.9404833097545,1
0.2100495168367194,0.0599864746754393,3.5016146218494404,0.012600130022314129,4.0,0.0,3.5016146218494404,317.45704154768424,1
0.2003209504254463,0.0723846144466468,2.7674520608671433,0.014500154762131777,4.0,0.0,2.7674520608671433,275.8591246519861,1
0.1459046228267436,0.0524154210338658,2.783620162708873,0.007647652236251153,5.0,0.0,2.783620162708873,653.7954192397979,1
0.1513411620477716,0.0771873585708827,1.9606988093625717,0.01168162454151541,7.0,0.0,1.9606988093625717,599.2317228757566,1
0.152690761691942,0.0753861371317697,2.0254488093089216,0.011510766699663107,7.0,0.0,2.0254488093089216,608.1263031944583,1
0.14597378693604,0.0410030198124196,3.560074053175598,0.0059853660778323645,5.0,0.0,3.560074053175598,835.3707918581948,1
0.1814514495858049,0.0396963912253829,4.570980988059694,0.007202967731170952,4.0,0.0,4.570980988059694,555.3266583008472,1
0.1326816332587845,0.044044970753007,3.012412790618692,0.005843958656344363,6.0,0.0,3.012412790618692,1026.7013086217223,1
0.148598978647231,0.0609849166757671,2.436651335235457,0.009062296330905478,5.0,0.0,2.436651335235457,551.7365375648023,1
0.1460234920995347,0.0613772570431062,2.379114009558624,0.008962521408925127,5.0,0.0,2.379114009558624,557.8787231705646,1
0.1294915551527064,0.0348791521789161,3.7125774872183395,0.004516555658055754,6.0,0.0,3.7125774872183395,1328.445934082173,1
0.1815426840902365,0.0537412587410799,3.3780876805452453,0.009756332358243528,4.0,0.0,3.3780876805452453,409.9901328822849,1
0.9353387559842994,0.0844448680888916,11.076324436906068,0.07898455786752212,22.0,0.0,11.076324436906068,278.5354579929382,0
1.4437687632410818,0.0788130378391218,18.318907668401195,0.11378780216826147,38.0,0.0,18.318907668401195,333.95495190080436,0
1.2028936883006769,0.0163571861948257,73.53915728373812,0.019675956032114802,29.0,0.0,73.53915728373812,1473.8800977531478,0
1.0627089036704684,0.035699182491531,29.76843808461377,0.03793783908750689,30.0,0.0,29.76843808461377,790.7672319132995,0
1.3646005724363337,0.0174458475479767,78.21921913989182,0.023806613550606013,27.0,0.0,78.21921913989182,1134.1386267562063,0
1.1445314685292902,0.0837442822846722,13.66698044695972,0.0958479663842073,30.0,0.0,13.66698044695972,312.9956861029766,0
1.6341809070837572,0.0792414067105238,20.622815456237056,0.12949479389679672,17.0,0.0,20.622815456237056,131.27940891236497,0
1.1545001017931986,0.9379961388748652,1.2308154095154717,1.0829166378126591,31.0,0.0,1.2308154095154717,28.62639552996035,0
1.4714130628890316,0.0196924635472922,74.71960323071703,0.028975748103951822,29.0,0.0,74.71960323071703,1000.8369722141831,0
1.3807744590356352,0.0792838588849429,17.415580907072417,0.10947312736211466,36.0,0.0,17.415580907072417,328.8478265622154,0
1.2199844557587178,0.8467504095575945,1.4407840161496097,1.0330223375675933,30.0,0.0,1.4407840161496097,29.040998349212387,0
1.1895987954925498,0.0788217610676773,15.092263600544856,0.09376627202471047,30.0,0.0,15.092263600544856,319.94446779428347,0
1.2681862568242597,0.7686788966382082,1.6498257755879997,0.9748280126274113,32.0,0.0,1.6498257755879997,32.82630329195383,0
1.1136499826299393,0.0169664489022798,65.63836599185449,0.018894685525315653,27.0,0.0,65.63836599185449,1428.9732403232967,0
0.1521383381234984,0.07782573849358705,1.9548589074555944,0.01184027851764831,7,0.07220874065373613,1.9548589074555944,591.2023090982427,1
0.15060583680523626,0.056639381955647945,2.6590303708322547,0.008530221515561758,7,0.06762381550280458,2.6590303708322547,820.6117493232548,1
0.1522507776213201,0.0577074422498632,2.6383213617768866,0.008786002957079094,7,0.06715717446081046,2.6383213617768866,796.7217896688654,1
0.13019908284937923,0.03521003230995218,3.6977836800387776,0.004584313913852783,6,0.05595291342393616,3.6977836800387776,1308.8108957524323,1
0.1503284437997009,0.060730208781523125,2.475348707271983,0.0091294777777573,7,0.06834779272506718,2.475348707271983,766.7470331166722,1
0.15031115877084777,0.06671932492232789,2.2528878843698483,0.010028659041483808,7,0.06893782266699214,2.2528878843698483,697.9996000506467,1
0.1504943157557076,0.05443490620978659,2.764665657284644,0.00819214396326795,7,0.06762749926783586,2.764665657284644,854.4771712248586,1
0.3916048435107792,0.014857702424894622,26.357025622927473,0.005818348233030583,7,0.15647268265991074,26.357025622927473,1203.0905885387226,0
0.6245220914170677,0.07110805779966611,8.782719015846896,0.04440855297365322,6,0.2448658422596995,8.782719015846896,135.10910845394332,0
0.16250981556650965,0.0631090908777927,2.5750619016395118,0.01025584671912019,3,0.06766130391379965,2.5750619016395118,292.5160722621797,1
0.5300482409048102,0.11876514136899496,4.462995074101646,0.06295125426344687,8,0.23265215589228416,4.462995074101646,127.0824559987403,0
0.3929373600698584,0.06551264964717543,5.997885327277399,0.025742367603542655,8,0.16513935120501894,5.997885327277399,310.7717255540645,0
1.0637645857318792,0.028687377533992253,37.081276755653356,0.030516616278181287,3,0.3825453926951375,37.081276755653356,98.30709842312807,0
0.5710613234066837,0.03476082398800955,16.428302263596123,0.019850562149299533,10,0.23524816431046744,16.428302263596123,503.7640710015293,0
0.4222558912668978,0.010231376236845117,41.270683580794795,0.004320258891775994,8,0.17261388075175518,41.270683580794795,1851.740879517366,0
0.46945791071343773,0.024006768155351698,19.555231577840853,0.011270167221193297,9,0.19146628657313258,19.555231577840853,798.5684527444901,0
1.2815557081696636,0.0021862393378951576,586.191861959407,0.002801787502904605,3,0.43340136555029884,586.191861959407,1070.745014348843,0
0.47116440081529826,0.014505572871492184,32.48161275596899,0.00683450955047926,9,0.1924353090504223,32.48161275596899,1316.8465028143662,0
0.41614876009516594,0.024225863986398893,17.177870738843577,0.010081563260174033,8,0.17015415829995575,17.177870738843577,793.5277291373064,0
0.3666916279231359,0.0169234271872125,21.667693184523024,0.0062056790653176085,7,0.14780398243550494,21.667693184523024,1127.9990354515276,0
0.5673205166519099,0.17919324458323813,3.1659704469962895,0.1016600040974947,10,0.25342328006460757,3.1659704469962895,98.36710207496873,0
0.4282655517442654,0.022086560245926274,19.39032366179592,0.009458912909854574,7,0.17033342714694738,19.39032366179592,740.0427582652965,0
0.5640916786973558,0.17681076384251407,3.1903695591734116,0.0997374805876855,10,0.25305385567379535,3.1903695591734116,100.26321039068527,0
1.2415705460420878,0.0003078200513408261,4033.4297282907983,0.000382180309225933,3,0.42176504895858224,4033.4297282907983,7849.6979765289125,0
0.3845132219007477,0.018803801248493554,20.448696347051243,0.007230310202039559,7,0.15333307591182793,20.448696347051243,968.1465669378069,0
0.43207649580923385,0.01441357483761812,29.97705292940607,0.006227766907922184,8,0.1765401125122396,29.97705292940607,1284.5695926453836,0
1.2432296996424483,0.003501519625217319,355.0543286089074,0.004353193191951066,3,0.4187126135970982,355.0543286089074,689.1492905821219,0
0.16279704739777837,0.04576469171276443,3.5572630625275674,0.007450356685907625,3,0.06379604613121624,3.5572630625275674,402.66528523050584,1
0.3330182678932657,0.020018339770320883,16.63565868669076,0.006666472836411135,6,0.13541828338072193,16.63565868669076,900.0261678453147,0
0.5738741870779626,7.812355462781982e-05,7345.725496131045,4.48330914036809e-05,3,0.19292561044837364,7345.725496131045,66914.85922725582,0
0.8230112775684962,0.008313978515273207,98.99126826664059,0.006842498079532032,5,0.31732792083388095,98.99126826664059,730.7272785295334,0
0.4608499765629453,0.08103388244858471,5.687126947858515,0.03734446282723473,5,0.1824269435010777,5.687126947858515,133.88865768752146,0
1.3314544467621847,0.000835740376388388,1593.1436177775704,0.0011127502404810212,3,0.4506204431094066,1593.1436177775704,2696.0227828871607,0
0.7220492870354615,0.006394993983056341,112.90851702887366,0.004617500846061897,4,0.2814901876118923,112.90851702887366,866.2694676951621,0
0.22632347340676987,0.11174364604231139,2.0253811417704517,0.02529021010343257,3,0.09997822531568246,2.0253811417704517,118.62297654825804,1
0.5440860044443816,0.09315321468011147,5.840764661882848,0.05068336037645156,10,0.231168735744061,5.840764661882848,197.30341330418548,0
0.4748393197812771,0.03661364467906027,12.96891702379039,0.01738559813411835,6,0.18750203167268664,12.96891702379039,345.1132341673828,0
0.42707894394133455,0.10246000892671987,4.168250114508427,0.04375851240864324,8,0.18413414548800902,4.168250114508427,182.8215713845846,0
0.3728108980914232,0.10471484508607874,3.560248766876955,0.03903883544004527,7,0.16013975358643553,3.560248766876955,179.30862744997606,0
0.5092351175364705,0.02049429700933313,24.847649924491883,0.010436415746375093,8,0.2073260700572762,24.847649924491883,766.5466951887827,0
0.13570745355912006,0.01861959591055904,7.288420984590827,0.002526817947321773,3,0.04907501460913771,7.288420984590827,1187.264006565951,1
0.787913899397638,0.03299821274758625,23.8774719535461,0.025999750479103526,4,0.31237534193836347,23.8774719535461,153.84763031533217,0
0.9128218211544795,0.006261472665986529,145.78388661074823,0.005715608882074817,5,0.3486308007680572,145.78388661074823,874.7974368366779,0
0.7543773972621147,0.005162982916854658,146.11270449867945,0.0038948376149255783,4,0.29059435759035834,146.11270449867945,1027.000454311991,0
0.47591239704490734,0.017925996989299062,26.548726819992417,0.008531204196597109,7,0.1899434391196333,26.548726819992417,820.5172257853271,0
0.7505841001396983,0.023834738262502934,31.491182822029362,0.017889975570826,4,0.27985539818957467,31.491182822029362,223.58890229693677,0
0.5097737095663062,0.07956486527074431,6.407020332801945,0.040560076520210694,6,0.1960209641734573,6.407020332801945,147.92871500156707,0
0.8122576036554644,0.006398425286360313,126.94648562779575,0.005197169590267557,4,0.31491122794167214,126.94648562779575,769.6496969216806,0
0.5028105128066854,0.010944940490299235,45.9399951285563,0.005503231140566014,8,0.20519348722600553,45.9399951285563,1453.6914397488292,0
0.42348416758305,0.12780501862400775,3.3135175139632578,0.05412340192492413,8,0.18536809040126778,3.3135175139632578,147.810368814159,0
0.3730898331616815,0.015709867945533737,23.74875679765021,0.00586119201079123,6,0.15141995593704383,23.74875679765021,1023.6825527901502,0
0.9786459268187345,0.004279164103180366,228.7002562232619,0.0041877865197664085,5,0.3762521097996112,228.7002562232619,1193.9481576723008,0
1.3814218184536047,0.02186471240035973,63.180424839746664,0.030204390764070017,3,0.4735194849965129,63.180424839746664,99.32330777446717,0
0.4334637132680136,0.06287201937693626,6.894381913666094,0.027252738979785293,8,0.18192383481926122,6.894381913666094,293.5484762076207,0
0.49857180809744145,0.023292363612219733,21.404946977380977,0.011612915841007446,8,0.2029079223926888,21.404946977380977,688.8881405435194,0
1.208527200998355,0.005690863668965023,212.3627047312742,0.006877563541117528,3,0.4124438113704468,212.3627047312742,436.2009863034334,0
1.1186527366482526,0.09298700703096925,12.030204782004503,0.10402016988792406,4,0.3943656541283423,12.030204782004503,38.45408062984109,0
0.5618738158628133,0.1807851320224709,3.10796474011466,0.1015784319807282,10,0.2566919101650251,3.10796474011466,98.44609534726065,0
0.6686738445272026,0.07677349773358605,8.709696239809045,0.05133642988731746,9,0.2688309063287375,8.709696239809045,175.31409994335093,0
0.563826985485075,0.15949481562992293,3.535080330092529,0.08992748109711728,10,0.2529070994753881,3.535080330092529,111.20071281881553,0
0.532731783421119,0.15266656240742046,3.489511881451948,0.08133033006007667,9,0.2408336522238367,3.489511881451948,110.6598238732331,0
0.6386119283200421,0.06233758718092331,10.244412034533662,0.039809526756428175,5,0.25474469193067883,10.244412034533662,125.5980768269905,0
0.3739162015831266,0.011234789680018897,33.28199389866083,0.004200869882737977,6,0.15059368485404645,33.28199389866083,1428.2756113572873,0
0.5444713573707911,0.10319962605717586,5.275904362958997,0.05618924047950861,10,0.23244887769898073,5.275904362958997,177.97001551652676,0
0.7685698750800752,0.028412526611735964,27.050388217238407,0.021837012028691222,4,0.303071641613012,27.050388217238407,183.17524369838137,0
0.8383511828699645,0.006185566043979371,135.53346240413376,0.005185676609690393,5,0.3206181950636254,135.53346240413376,964.1943330319863,0
0.5727195589538265,0.012981366510258704,44.118587862165896,0.00743468250237334,9,0.23332169332046643,44.118587862165896,1210.5426152531693,0
0.1742457748566192,0.05881114552924532,2.962801919407795,0.010247593622948747,4,0.07301048213118465,2.962801919407795,390.3355409256558,1
0.21381377527681406,0.0873124310327044,2.448835437839617,0.018668600507698984,3,0.09003333221668543,2.448835437839617,160.6976376597052,1
0.5080561233427542,0.004776180193139943,106.37289691718046,0.002426567593313126,8,0.20693981045365117,106.37289691718046,3296.8378964779463,0
0.5540936390993592,0.08540894979556336,6.48753603018945,0.04732455580387817,7,0.22998773601911385,6.48753603018945,147.91475336840588,0
0.6632733288155885,0.0036676796947287087,180.84276273330613,0.002432674120152052,4,0.25746906965512245,180.84276273330613,1644.2810678439673,0
0.5022267399874553,0.010081360801676108,49.81735599661863,0.005063128970063111,7,0.19950474985768576,49.81735599661863,1382.5442806985711,0
0.42972066953738985,0.08612033217969817,4.989770228019294,0.037007686805042316,5,0.16674439854645176,4.989770228019294,135.10706644109266,0
0.5019146576959608,0.01344224019080348,37.338616969465114,0.006746857384034015,8,0.20485946423782778,37.338616969465114,1185.7372321121627,0
0.7809305821340606,0.0015374422166037336,507.9414196516374,0.0012006356452098342,4,0.30310048474545115,507.9414196516374,3331.5685869887056,0
1.5343391428084523,0.004432381091547749,346.16588942100066,0.006800775804605766,3,0.5153142018025224,346.16588942100066,441.126142986257,0
0.47655293035443075,0.14780728069420515,3.2241505838968743,0.07043799274254334,9,0.2118339443578073,3.2241505838968743,127.77195444645535,0
0.5102879319798262,0.1172365195628309,4.3526363106194585,0.059824381120229427,8,0.2254827339612435,4.3526363106194585,133.7247431598557,0
0.6888200121778515,0.012751224762475043,54.01990985249874,0.008783298796170581,3,0.23849285585307153,54.01990985249874,341.5573202756083,0
0.5546710731908651,0.012034835394526476,46.08879598329472,0.006675375063957409,9,0.22622159314537338,46.08879598329472,1348.2388500676198,0
1.0014534705583642,0.01826847362648535,54.81867237701088,0.0182950263150477,5,0.3804107671578877,54.81867237701088,273.2983223909052,0
0.4760449891269348,0.17467552386897128,2.725310212803648,0.08315340786094608,9,0.21469156329143788,2.725310212803648,108.23368796923295,0
0.4576654324041042,0.010877938540352343,42.07280917302187,0.004978456445735625,7,0.18159593932405776,42.07280917302187,1406.0582986511733,0
0.5320960886945326,0.08306965498715072,6.4054207132175724,0.04420103850786717,7,0.22478435505135128,6.4054207132175724,158.36731978037344,0
0.5171399734311775,0.015384924193502984,33.61342356497047,0.007956159288668812,8,0.20992928000033054,33.61342356497047,1005.5102857723859,0
0.5035057817279488,0.021448981597884033,23.474577542535645,0.010799686246710988,8,0.20684364469109695,23.474577542535645,740.7622607958982,0
0.7362109829640134,0.23933538352867673,3.0760641076533592,0.17620133796571624,14,0.33686029468616574,3.0760641076533592,79.4545612515383,0
0.5586894392407713,0.09771846730105672,5.717337312705985,0.05459427569989503,6,0.22061078212924093,5.717337312705985,109.90163204988791,0
0.9704757945103736,0.03199475774853664,30.332337632866142,0.031050137946178027,5,0.37354418065324196,30.332337632866142,161.02988040397585,0
1.0714217393303398,0.07115366189935639,15.05785803190027,0.07623558019193136,3,0.40052763190823776,15.05785803190027,39.3517041838886,0
0.6807649167599238,0.0026803929723525524,253.97951859365742,0.00182471749870747,3,0.22778227284422337,253.97951859365742,1644.0901137436538,0
0.6326638700061775,0.08337277960275521,7.588374443320946,0.052746945396651215,7,0.24254352351112138,7.588374443320946,132.70910661007517,0
0.47276981256518563,0.01719648960009339,27.4922279813793,0.008129981165015317,7,0.19063149158422835,27.4922279813793,861.0106048119992,0
0.5935041548893274,0.08915981392045215,6.656632946978201,0.05291672001094764,8,0.25464507378884477,6.656632946978201,151.1809499595766,0
0.7963592934897195,0.002842028201557646,280.20808979068346,0.0022632755706703048,4,0.3067106681572841,280.20808979068346,1767.3499647306921,0
0.4791728156736858,0.10851744274606195,4.415629446733113,0.051998608590338495,9,0.20591321156197498,4.415629446733113,173.08155437205733,0
0.35007537071035016,0.006233138502692813,56.16357964115704,0.0021820682720191434,5,0.13259029346954285,56.16357964115704,2291.4040152251177,0
0.6014323029002534,0.07868513050182926,7.643531872724941,0.047323779241722146,6,0.2404372361480763,7.643531872724941,126.78615478601104,0
0.43759228413390316,0.06954692883116091,6.292043250338861,0.03043319944172571,8,0.18422853901386183,6.292043250338861,262.87081696154263,0
0.42966680435161486,0.013173275681102437,32.61654995712176,0.005660119264742127,7,0.1710829869455277,32.61654995712176,1236.7230569864887,0
0.371593460964803,0.011056641687328835,33.60816706131099,0.004108575751242241,6,0.14866748398391255,33.60816706131099,1460.3600768918234,0
0.4976222159100895,0.074986037972856,6.636198275874003,0.03731471837837071,9,0.20909098910482152,6.636198275874003,241.19169033356027,0
0.4928026955459147,0.011592593439000192,42.51013357270094,0.0057128612951071805,8,0.20036210240697028,42.51013357270094,1400.3490697125196,0
0.5765568814569757,0.016310053926796533,35.34978388451089,0.00940367382842891,9,0.23434042053809506,35.34978388451089,957.0727530756612,0
0.5638832595878883,0.010401099482067645,54.21381273778505,0.0058650058792462005,8,0.2306931483697255,54.21381273778505,1364.0225030819918,0
0.3664222985374194,0.012442736516207415,29.448690652585327,0.004559296114364203,5,0.13924742351953573,29.448690652585327,1096.6605095570226,0
0.4255075064498073,0.15417115459089112,2.7599683454335855,0.06560098355645784,8,0.18918677367559616,2.7599683454335855,121.94939109586674,0
0.5952870093894356,0.07126305064051328,8.353375333205467,0.04242196829575905,7,0.23597505806727423,8.353375333205467,165.00884520956552,0
0.5988473735735597,0.08428774620779816,7.104797559744874,0.050475495440974696,7,0.23364995913493908,7.104797559744874,138.68115486227762,0
0.398832424497555,0.014186683531326755,28.113154396999207,0.005658109388378585,6,0.1593198462615265,28.113154396999207,1060.4248854438265,0
0.22980104441659593,0.11613376715154791,1.9787616474777636,0.026687660983459472,3,0.10216242785825047,1.9787616474777636,112.41149990099716,1
0.5746279222908836,0.02341345958807613,24.54263199034143,0.013454027636737753,3,0.2020461931523836,24.54263199034143,222.98155474336613,0
0.1350384317620882,0.02939276266658116,4.5942749000461784,0.003969152575650374,3,0.05117256746708812,4.5942749000461784,755.8288432659782,1
0.5588231554783645,0.058984515698654975,9.474065334931746,0.0329619131870855,7,0.22131559763725933,9.474065334931746,212.3663138201154,0
0.18743465132341525,0.07308530252806394,2.5646011556351214,0.013698718196213985,4,0.08009372286931016,2.5646011556351214,291.998122941569,1
0.6683072863752277,0.09872382550092708,6.769463024596346,0.06597785192110608,6,0.27312016585065363,6.769463024596346,90.93960814569382,0
0.43137724604391414,0.057295553160750384,7.528983005603021,0.02471599793304718,5,0.16426890856500362,7.528983005603021,202.29812340753668,0
0.478596310560699,0.02542741598818798,18.822058473539958,0.012169467479038899,8,0.19686726455530795,18.822058473539958,657.382914558872,0
0.4486277546586632,0.01594968736695127,28.1276832791248,0.007155472430942994,7,0.18021252751734917,28.1276832791248,978.272233951923,0
0.4299768318519205,0.014189695663495653,30.3020474891563,0.006101240386332796,7,0.17085918068958367,30.3020474891563,1147.30768774174,0
0.5072096065639177,0.06155452973486,8.240004573971607,0.031221048809045315,9,0.2108997592890965,8.240004573971607,288.26706159187495,0
0.6308804607439387,0.0007965340305184203,792.0320244614448,0.0005025177561716875,3,0.2125956531409741,792.0320244614448,5969.9383019911365,0
0.1997327719261736,0.038811869872200234,5.146177511772916,0.007752002353212498,3,0.0746840151419922,5.146177511772916,386.99678654725557,1
0.19360466487216182,0.06518714301979145,2.969982360070322,0.012620534978320407,3,0.07834525726626883,2.969982360070322,237.7078313362634,1
0.795155950811514,0.028600356473561545,27.802309091726325,0.022741743645283072,4,0.2929378522083295,27.802309091726325,175.88800851818814,0
0.49933349977169983,0.08737405159826526,5.714894647069493,0.04362879097379488,7,0.21753421193241881,5.714894647069493,160.4445102364736,0
0.6822186420917824,0.10254690752003844,6.65274710462109,0.06995941199903222,6,0.2799020984769572,6.65274710462109,85.76401414127095,0
0.7866389998674284,0.03188287975485177,24.672771277748893,0.025080316643250073,4,0.28812126782034353,24.672771277748893,159.48761959018287,0
0.42537078602913997,0.12521964085872947,3.3969973329426457,0.05326477705836437,8,0.18563067153587617,3.3969973329426457,150.19306269195638,0
0.4391287748132704,0.06453905149547938,6.804078532886853,0.028340954610820427,8,0.18334248929087427,6.804078532886853,282.2770125373844,0
0.7683485826422103,0.029783740070919665,25.79758555549619,0.02288429446927513,4,0.28275051414150076,25.79758555549619,174.79236711319516,0
0.46670023648766684,0.07333972161441162,6.363539787366168,0.034227665421385556,6,0.19615050145852717,6.363539787366168,175.29679357713894,0
0.4347291241013234,0.017708587722118942,24.549056701925714,0.0076984388295082175,6,0.1734708170883067,24.549056701925714,779.3787978157235,0
0.7328123346163437,0.010866488954370078,67.4378207803391,0.007963097139734648,4,0.28190750123426583,67.4378207803391,502.31711729857045,0
0.47763304452699007,0.16547866880888792,2.8863722917581036,0.07903808038746261,9,0.21573815178863084,2.8863722917581036,113.8691622554591,0
0.5229494385833887,0.07302038262823124,7.161691294414079,0.038185968100577755,7,0.22034854417042468,7.161691294414079,183.31340930162486,0
0.502658210721159,0.11357035137569631,4.42596333138339,0.057087069613480826,8,0.22131124406594158,4.42596333138339,140.13681301502362,0
0.5345253112810775,0.02589747445387634,20.640055548006135,0.013842855593852003,9,0.21889591471325417,20.640055548006135,650.1548715134434,0
0.9685717906046954,0.02044643687255578,47.37117751331825,0.01980384197313722,4,0.37443939290377437,47.37117751331825,201.98100981747743,0
0.6009137738152575,0.008616829523869687,69.73722436432702,0.005177971547511261,4,0.23248098578527987,69.73722436432702,772.5032791890405,0
0.6005203375237175,0.06635260929628377,9.050440425669153,0.03984609133018368,3,0.22567496073709495,9.050440425669153,75.2896934141061,0
0.3680121560165976,0.013778370816164372,26.709410054841662,0.0050706079504528176,6,0.14835100122934908,26.709410054841662,1183.2900627752508,0
0.5496838236091798,0.08703431593991383,6.315713723638235,0.047841355571061214,10,0.23395287217757682,6.315713723638235,209.0241775266273,0
0.5986542313222086,0.19602316346921253,3.0539973987116755,0.11735009624800907,11,0.27430932963161253,3.0539973987116755,93.73660824915278,0
0.6534345619741956,0.09751262451249665,6.701025279967264,0.06371811908527746,6,0.2667287181552544,6.701025279967264,94.16473816450656,0
0.5783195936343514,0.04423672109813626,13.073292488188429,0.0255829625691903,3,0.21068666525779178,13.073292488188429,117.2655431084794,0
0.6504742644618902,0.03236145153489183,20.100280846814133,0.02105029138407787,11,0.2699999886131509,20.100280846814133,522.5580871683438,0
0.5262719894295191,0.0006255112573911463,841.3469513314121,0.00032918905383779855,3,0.1771868287017185,841.3469513314121,9113.30423969137,0
0.6218732303630793,0.07981662599006212,7.791274344777591,0.04963582304112164,8,0.24970305282232103,7.791274344777591,161.17391653548816,0
0.6157407058594847,0.07559292836950686,8.145480260397823,0.04654564307222562,8,0.2480018634664895,8.145480260397823,171.87430384378345,0
0.22781138702977669,0.08461787861616382,2.692237039682295,0.01927691629506556,3,0.09404784919011577,2.692237039682295,155.6265511599451,1
0.44375799668434635,0.06883471285400575,6.4467182077962635,0.030545954278435816,8,0.18682442838048266,6.4467182077962635,261.9004771328316,0
1.3287130103627869,0.0022164200131327967,599.4861093519539,0.002944986107878006,3,0.45070186002256896,599.4861093519539,1018.6805268706798,0
0.39299408931591956,0.028642731055351568,13.720552294977232,0.011256424006618698,6,0.15727502373604318,13.720552294977232,533.0289616375541,0
0.8768265702403761,0.09773966389338457,8.971041390083228,0.08570073426808351,7,0.3645265701139383,8.971041390083228,81.67958022510112,0
0.4824453353838141,0.11065959235746098,4.3597244947856195,0.05338720414833142,9,0.20822230115760657,4.3597244947856195,168.57972136908182,0
0.4418385504425775,0.01696699168075102,26.041066015482375,0.007496671009594303,7,0.17585727640982687,26.041066015482375,933.7477916586364,0
0.3219144278071476,0.1040815775638867,3.0929049630281793,0.03350536148674384,4,0.13219039990743026,3.0929049630281793,119.3838783557841,0
0.39978352253792915,0.011275331991601899,35.45647461517729,0.0045076919413872115,6,0.160919633737483,35.45647461517729,1331.0581286425577,0
0.6732869091295295,0.002473612160650662,272.1877422176107,0.0016654506860297013,4,0.26024028853407455,272.1877422176107,2401.7522905680707,0
0.17561111825495915,0.0640732399939259,2.740787234602261,0.0112519733255517,4,0.07400417260716956,2.740787234602261,355.49319966094697,0
0.4332931624806049,0.01847149389050393,23.45739684343333,0.00800357200355762,7,0.1733686377276452,23.45739684343333,874.6094864753477,0
0.8871180801061724,0.041500192161356246,21.37624029924928,0.03681557079421958,4,0.3466110915093928,21.37624029924928,108.64968038545368,0
0.3803560025705853,0.07311404122170602,5.20222923278471,0.027809364450869095,7,0.16043311593382256,5.20222923278471,251.7137711782995,0
0.7134412825545083,0.09144485366489152,7.801874615809247,0.06524053368168954,6,0.2914160740797557,7.801874615809247,91.96736540007741,0
0.5040458813529435,0.01874642535209071,26.887573064521835,0.009449058488811727,7,0.20143878159565906,26.887573064521835,740.8145486969348,0
0.4255297244518894,0.11746760310402887,3.622528367034457,0.049985956780881316,8,0.18420420857964293,3.622528367034457,160.04495092629395,0
0.3797003711514933,0.0638454300260173,5.947181669804146,0.02424213347720546,7,0.15885721297072347,5.947181669804146,288.75346332788746,0
0.445336755188057,0.09008422689510386,4.943559716692882,0.040117817299090246,5,0.17817152976245665,4.943559716692882,124.63290220211918,0
1.241246898386472,0.03393646912974164,36.575605247590524,0.04212353704948006,4,0.4612158999979735,36.575605247590524,94.95878741857393,0
0.9124398972871898,0.04916210111345232,18.559823047056813,0.04485746249038087,4,0.33867522971991315,18.559823047056813,89.17133912462728,0
0.6871404546307626,0.01042177138527785,65.93317289625453,0.007161220727737693,10,0.28316600625608845,65.93317289625453,1396.4099669860486,0
0.436701097641737,0.06808772940232166,6.413800276130904,0.02973398616592744,8,0.18339857040965776,6.413800276130904,269.0523885817672,0
0.7061979477409053,0.13061065297663949,5.406893937412694,0.09223697508520237,10,0.3028689280118996,5.406893937412694,108.41639148251194,0
0.9166362042268739,0.04486727329940215,20.429951205416533,0.04112696709117375,4,0.34030317544398747,20.429951205416533,97.25978555949581,0
0.5488053201089184,0.02002574412996246,27.404990124077212,0.010990234917663341,9,0.22357072218465948,27.404990124077212,818.9087919799908,0
0.4980502512501859,0.020606720708131993,24.169311473884406,0.010263182426127547,8,0.20554308973883278,24.169311473884406,779.4853163317024,0
0.5087026660434232,0.012132014210699447,41.93060255359649,0.006171587973459505,7,0.20198248130525223,41.93060255359649,1134.2299631963483,0
0.49209984325524553,0.08686852116049251,5.664881094799283,0.04274798564689335,9,0.2090539386916564,5.664881094799283,210.53623612447487,0
0.4140561206683103,0.017132576286338776,24.167767517747556,0.00709384807417532,6,0.1661087098149752,24.167767517747556,845.8032843757394,0
0.4308086665969375,0.012653866287863169,34.045615529393054,0.005451395262770271,7,0.17170164937292828,34.045615529393054,1284.0749317529333,0
0.5936181391203172,0.06309094424542983,9.408927798117679,0.03745192891831574,3,0.22214242524098168,9.408927798117679,80.10268327014954,0
0.17223555915812194,0.06277042868040861,2.743896493602866,0.010811299882365191,4,0.07326575333727985,2.743896493602866,369.9832622832509,1
0.842382412235988,0.09795339519186597,8.599828628563344,0.08251421732842908,7,0.35035191746264677,8.599828628563344,84.83386532211888,0
0.5354239521840917,0.13363743473272607,4.006541679394967,0.0715526834643398,9,0.23675555518990782,4.006541679394967,125.78144612124005,0
0.739816867366065,0.0768328620716426,9.62891199700754,0.056842247328611574,10,0.30198469436326186,9.62891199700754,175.9254862354201,0
0.15206004602826612,0.062377540003282286,2.437737140968765,0.009485131604029116,7,0.06977264342055098,2.437737140968765,737.99714039039,1
0.1314731121291067,0.03994035587222005,3.291736121473844,0.005251082886064812,6,0.05696736665942725,3.291736121473844,1142.6214611699704,1
0.14938266462989808,0.05030935044495825,2.9692823164817557,0.0075153448252672115,5,0.061404569978436796,2.9692823164817557,665.3054671809051,1
0.15337803600267957,0.073897697689541,2.0755455284554514,0.011334283736741552,7,0.07225343503576245,2.0755455284554514,617.5952678252258,1
0.15584547474625088,0.056066825843624934,2.7796379124603368,0.008737761091115097,5,0.06790631721921676,2.7796379124603368,572.2289666496146,1
0.15621514401978187,0.03433915879615889,4.549183774334501,0.00536429663686012,5,0.06145959920351074,4.549183774334501,932.0886480518434,1
0.15136394086478816,0.0691197187499735,2.1898807402894156,0.010462233021461778,7,0.06954753247000776,2.1898807402894156,669.0732261115288,1
0.12953015514855232,0.03978675897891479,3.2556096166867357,0.00515358506339689,6,0.05565836780017233,3.2556096166867357,1164.238084011601,1
0.12938774566022926,0.03435572550398735,3.766118856817983,0.004445209873482567,6,0.05531522677338615,3.766118856817983,1349.767540964122,1
0.14642117144126368,0.034069186310301924,4.297759568064251,0.0049884501696050715,5,0.06096744925610263,4.297759568064251,1002.315314376658,1
0.15979959152660728,0.059662754437577445,2.6783810608978618,0.009534083788477152,4,0.0682228631721469,2.6783810608978618,419.5473931993739,1
0.1636660306482485,0.040602174455276606,4.0309671303079355,0.0066451967287828335,4,0.06630041385109608,4.0309671303079355,601.9385374513448,1
0.16011605752698138,0.053769806309204846,2.9778061056465277,0.00860940940021929,4,0.0672781519014933,2.9778061056465277,464.60794394306726,1
0.12295606674492764,0.022085560403402968,5.567260440716842,0.0027155536390599463,3,0.04545759182286058,5.567260440716842,1104.7470971843964,1
0.12359671701896939,0.01942947099327646,6.361301193518849,0.0024014188281842644,3,0.04513114706587543,6.361301193518849,1249.2614635941404,1
0.12952636846243248,0.005184950488855908,24.98121606769929,0.0006715878074790197,3,0.044249448247501315,24.98121606769929,4467.025706230856,1
0.15921550078390237,0.04606500109123745,3.456322522788099,0.007334262217352379,4,0.06564251964387856,3.456322522788099,545.3854636579892,1
0.16119564279891868,0.04343050876843111,3.7115762023052565,0.007000808778011327,4,0.06626917427933152,3.7115762023052565,571.3625563611314,1
0.15954330038085301,0.06077710660619769,2.6250558687271193,0.009696580175551724,4,0.06839356041299706,2.6250558687271193,412.5165705415729,1
0.15953398042784764,0.07073498434802201,2.255375920392195,0.011284633608541454,4,0.07043839493713865,2.255375920392195,354.4643219051755,1
1.7735048167013496,0.13421260064222898,13.214145379903545,0.23802669370100774,9,0.7392206045911924,13.214145379903545,37.81088524174168,0
1.3464377594965489,0.06793862122703513,19.81844398927476,0.09147512494821386,6,0.5377761738668368,19.81844398927476,65.59160212567882,0
1.8975436240474932,0.08237548646400841,23.035294909931366,0.15631107911758974,9,0.7584547278162297,23.035294909931366,57.57749259238034,0
1.6326455997960772,0.019306565738781888,84.56426802600708,0.03152077960059595,8,0.6669918195344128,84.56426802600708,253.80082921073273,0
1.769836278113991,0.16276329604961906,10.873681727202483,0.28806438609402346,9,0.7293293915753168,10.873681727202483,31.243015223209245,0
2.070745470227165,0.05583549721140547,37.08654124430677,0.11562110292839936,10,0.8396981230750121,37.08654124430677,86.48940156013471,0
2.3756918452239204,0.029601965425996246,80.25453077306832,0.07032514786513971,12,0.9880714366485784,80.25453077306832,170.6359725401789,0
1.7794981097195286,0.8761888306354505,2.0309527438611132,1.5591763678731483,9,0.8304938768884632,2.0309527438611132,5.772278355063052,0
1.2485137205365786,0.029832875977901685,41.85026349660016,0.03724675498147635,6,0.5008555279268195,41.85026349660016,161.08785860631173,0
1.7307191466272984,0.07018399592265859,24.65974078384647,0.12146878553015747,8,0.7058969133637509,24.65974078384647,65.86054157933285,0
1.516396225973004,0.8722814152313554,1.7384254662479652,1.322724246043218,7,0.7110315702378366,1.7384254662479652,5.292108329411605,0
1.2502802863192772,0.03397871616059073,36.79598370963115,0.042482918970024826,6,0.5011844941550899,36.79598370963115,141.23323315503558,0
1.25309062461101,1.0117459186703388,1.2385428015937563,1.267809325174255,5,0.6739375124788595,1.2385428015937563,3.943810714054159,0
1.0641458645576152,0.18286194119496593,5.819394990579431,0.19459177850760082,5,0.43759811767301227,5.819394990579431,25.694816288472836,0
1.3515502980762093,0.043534289164573095,31.045649854691106,0.058838781496914655,6,0.5417741812547939,31.045649854691106,101.97355973992465,0
0.8649321553389963,0.012329101771876249,70.15370392285848,0.010663836568942762,4,0.33465805977525925,70.15370392285848,375.09952202845597,0
0.1544609456085289,0.025408340437939967,6.079143420870039,0.003924596290387631,3,0.056735912073911376,6.079143420870039,764.4098342924568,1
1.3456541494354552,0.11206937098053775,12.007332044980826,0.150806614084582,6,0.540817192921942,12.007332044980826,39.78605339308802,0
1.4108127552167857,0.07036070179595372,20.05114672261439,0.0992657755597361,7,0.5633438433827767,20.05114672261439,70.51775861850335,0
1.4423831733651526,0.0352336494970533,40.93766027518051,0.050820423170795256,7,0.573464543375227,40.93766027518051,137.73989989171633,0
1.7402999599096716,0.08771594335612211,19.84017834527693,0.15265205270609833,8,0.7091068191457681,19.84017834527693,52.40676334305465,0
1.6368895235348695,0.04195630873041534,39.01414526364759,0.06867784220701145,8,0.6686677559151872,39.01414526364759,116.48589622088133,0
1.4212820522512892,0.014016181209538384,101.40294499646373,0.019920946794218672,7,0.5653885715805418,101.40294499646373,351.3889210341897,0
1.605221653361226,0.038131078293008665,42.09746288909809,0.061208832541949726,8,0.6558044475906444,42.09746288909809,130.7000912738724,0
1.6319475336346687,0.01239937400499943,131.61531646490116,0.020235127826072643,8,0.6658716843006283,131.61531646490116,395.3520861722517,0
0.198044077983321,0.057428157704740135,3.448553564987065,0.011373306542916012,3,0.07837837248896783,3.448553564987065,263.7755334106054,1
1.4546934654018235,0.9300752071948496,1.564060039606095,1.3529743262385947,7,0.7055237543182132,1.564060039606095,5.1737862753543205,0
1.6419750064878873,0.033057905283178694,49.66966274549149,0.0542802542418233,8,0.6717902124558854,49.66966274549149,147.3832448234177,0
1.664766292340811,0.7675985181722083,2.1687982101697156,1.277872139103848,8,0.740004544518348,2.1687982101697156,6.260407246698623,0
1.41653182574448,0.02383055688777405,59.44182640864817,0.033756742256746276,7,0.5625016911690448,59.44182640864817,207.3659817869733,0
1.2723859533003359,0.053348985215364,23.850237228765522,0.06788049941085644,6,0.5104934000933959,23.850237228765522,88.39062841426875,0
1.4053643018781847,1.0177853844814453,1.3808061338925675,1.4303592463235861,7,0.7321173348842317,1.3808061338925675,4.89387544981578,0
1.2061516553172755,0.013415961082076575,89.90423033715172,0.016181683666818807,6,0.48353574632026186,89.90423033715172,370.7895991257845,0
0.149560307608935,0.04094047259241164,3.6531162963823762,0.006123069674576257,3,0.0583616706872245,3.6531162963823762,489.95032874709415,1
1.2284737926917504,1.1011677647306402,1.1156100205968624,1.3527557403285466,6,0.697899564084473,1.1156100205968624,4.435390529958326,0
1.9981877994267587,0.10615851303687272,18.822680746599335,0.2121246455555656,9,0.8041206311721647,18.822680746599335,42.427884682746445,0
1.5293429635844127,0.026750348466706823,57.1709548190677,0.04091045720098916,6,0.646476162748901,57.1709548190677,146.66176842078724,0
1.4500939674335986,0.029888448872968716,48.51686929612035,0.04334105940663947,7,0.5788829293846864,48.51686929612035,161.50966533429178,0
1.6145348026754396,0.012541275401228418,128.73768823522494,0.020248325605220666,8,0.6592505049521857,128.73768823522494,395.094397234374,0
0.9451534467023653,0.09360628434385883,10.09711530937798,0.08847230228059982,4,0.3659985351667929,10.09711530937798,45.211890014047015,0
1.2278211576740299,0.02311865426504872,53.109542778632935,0.02838557284357777,6,0.49294736708549874,53.109542778632935,211.37498380123404,0
0.8727217035708807,0.02695973237354246,32.371304413516576,0.023528343564853,4,0.3384508884345864,32.371304413516576,170.00771809432692,0
0.5475246916776357,0.1603246165948315,3.4151005834701413,0.08778168626942028,11,0.24719389895723767,3.4151005834701413,125.31087596379396,0
0.7022299164395156,0.0028508354758929053,246.3242520930014,0.0020019419580190817,3,0.23512890647424908,246.3242520930014,1498.5449443142172,0
0.7988968066158253,0.013442720352133886,59.42969768682342,0.010739346361549324,3,0.27360130312246095,59.42969768682342,279.3466100265716,0
0.5624871707550912,0.04266893103746062,13.182593448644475,0.024000726298405325,10,0.23041102507119077,13.182593448644475,416.65405770092997,0
0.4750482850727813,0.0849630331586706,5.591235004353207,0.04036154319660832,11,0.203647981753007,5.591235004353207,272.53665565801157,0
0.7744438746415472,0.001253563996946798,617.7936479731358,0.0009708149589066228,3,0.26278500643551506,617.7936479731358,3090.1872416332976,0
0.9746732118405151,0.02109835551043122,46.19664368432069,0.02056400192990503,3,0.34642230412182834,46.19664368432069,145.88600070287265,0
0.8517522639478844,0.10048417041786285,8.476482021057421,0.08558761964433972,6,0.3423430006176578,8.476482021057421,70.10359704981941,0
0.6859406046753255,0.012934354191154296,53.032458717145296,0.008872198734965208,5,0.26108889221617154,53.032458717145296,563.5581606501974,0
0.16673709189270816,0.0586137735404615,2.8446742432921224,0.009773090144994315,3,0.06806746323596531,2.8446742432921224,306.9653462202609,1
0.7454562524146574,0.2478761890397105,3.007373379841793,0.18478085494436977,5,0.3138458527717501,3.007373379841793,27.05908034414768,0
0.8581575258322903,0.2497349446871868,3.4362733133210575,0.2143119222466201,5,0.34742117260218147,3.4362733133210575,23.330479926572796,0
0.5622776517441673,0.007602215707241546,73.96233853356274,0.004274555995920401,4,0.21795819029596036,73.96233853356274,935.7697042260214,0
0.7030966131136686,0.025926478736023783,27.118862544829295,0.01822881938926187,5,0.268139490357512,27.118862544829295,274.2909397053641,0
0.8271456773939505,0.01991851761653451,41.526467647739544,0.016475515746611775,6,0.3315696367980747,41.526467647739544,364.1767634032284,0
0.9440719279586821,0.26733195100329676,3.531459387535161,0.2523805903886383,7,0.39717554246416353,3.531459387535161,27.735888838443444,0
0.6996598737869817,0.02474001966889317,28.280489795515326,0.01730959903902524,5,0.2677279430828439,28.280489795515326,288.85706645932606,0
0.17275888529288966,0.05573191360359848,3.0998197284533044,0.009628183269397307,3,0.06955540572964931,3.0998197284533044,311.5852613166752,1
0.21620307117343576,0.07815163998668485,2.7664559721366246,0.016896624582361953,3,0.08868886016534516,2.7664559721366246,177.5502548083858,1
0.21931906501789786,0.09984708898938915,2.196549416089688,0.021898370201911672,3,0.0949016927593855,2.196549416089688,136.9964966496962,1
0.18027076152402982,0.0589761341904652,3.056673076296252,0.010631672622258533,3,0.07299334119844525,3.056673076296252,282.17573157013715,1
0.21578390828859187,0.11485968329251205,1.878674066504755,0.024784871365648126,3,0.09735286240115949,1.878674066504755,121.04158039561202,1
0.8367095111479601,0.050071983160911944,16.710133258734732,0.041895704552775526,6,0.3353689377264508,16.710133258734732,143.21277238438302,0
0.21552535671578252,0.08501039823400589,2.535282285380096,0.018321896403934848,3,0.09004246363467695,2.535282285380096,163.73850904187591,1
0.7135816762441025,0.056877698454482185,12.545895766425293,0.040586883404055994,5,0.2742187600134467,12.545895766425293,123.19250902374858,0
0.9359819313242106,0.23807541594144252,3.9314514168671093,0.22283428761368612,7,0.3878201606258155,3.9314514168671093,31.413478037704245,0
0.6890126497007371,0.01700723882433475,40.51290493521298,0.011718202686448135,5,0.2623243088206111,40.51290493521298,426.6865946756834,0
0.9630852420889355,0.05932068246975403,16.235235368035188,0.05713087383726393,7,0.3840293738597991,16.235235368035188,122.52569459972466,0
0.1667979237104488,0.06500840049229928,2.5657903047500334,0.010843266225852837,3,0.06957127546808546,2.5657903047500334,276.66940362003754,1
0.8404861780622039,0.06959107713420054,12.077499194924043,0.058490338447756245,6,0.3367872550533968,12.077499194924043,102.58104430972337,0
0.7152742582619953,0.06584535619135949,10.862941589734412,0.04709748830977154,5,0.2781299805156189,10.862941589734412,106.1627738429233,0
0.16522149452244433,0.05850903014574984,2.823863156009709,0.009666949403739538,3,0.06750286510838195,2.823863156009709,310.33575068050817,1
0.9976579578593673,0.38946104634151185,2.5616373376261556,0.38854891215884513,7,0.43592439790946197,2.5616373376261556,18.01574983470366,0
0.9593951967225919,0.08061648530470623,11.900732128129434,0.07734306877799257,7,0.3845672892219682,11.900732128129434,90.505847655114,0
0.9014034889747228,0.36523485997839894,2.4680105536148287,0.3292239770797232,6,0.39307413512477435,2.4680105536148287,18.224675047124745,0
0.8819090649586262,0.31974621649089113,2.7581532461502944,0.28198708680954027,6,0.37956670753042254,2.7581532461502944,21.277570075584773,0
0.9703196304977874,0.07710703172410491,12.58406151555241,0.07481846653131465,7,0.388293702933232,12.58406151555241,93.55978977556575,0
0.16643215964784333,0.0590549900919566,2.8182573460546854,0.009828649538986326,3,0.06806361111740261,2.8182573460546854,305.2301323900296,1
0.8507598849848308,0.08525132039943314,9.979433526644682,0.0725284035378267,6,0.34176323929908586,9.979433526644682,82.72621079920421,0
0.1639260772251962,0.03294498075283382,4.975752708888616,0.005400541459071639,3,0.0613497989542392,4.975752708888616,555.4998554748072,1
0.6855143687090783,0.013068802757259915,52.45425931065222,0.008958852071926494,5,0.2624636240502709,52.45425931065222,558.1072172927184,0
0.8382964791049473,0.25929322114298886,3.233005766250493,0.21736459433994804,6,0.3564148545848604,3.233005766250493,27.603391519302733,0
0.8621397979020963,0.26335417040086184,3.2736895587785795,0.22704811124607324,5,0.34942126059337897,3.2736895587785795,22.021764341307527,0
0.6888476567039579,0.011397204206884832,60.4400556662693,0.007850937410889106,5,0.2622208145046287,60.4400556662693,636.866623476719,0
0.1902272706727808,0.07248028456754489,2.624538132097242,0.01378772671087054,4,0.08088660349646072,2.624538132097242,290.11308998794664,1
0.18521502885884072,0.06460972984068569,2.8666739408374386,0.011966692977004503,4,0.07741275967843045,2.8666739408374386,334.2611035217917,1
0.12253246842884155,0.010610706732407583,11.548002552421762,0.0013001560876964287,3,0.04294747173760433,11.548002552421762,2307.4152622053984,1
0.12337594298585663,0.015251915368694512,8.089209781421506,0.0018817194409531646,3,0.04420092816186033,8.089209781421506,1594.286552346179,1
0.13823809313784227,0.05790395831806891,2.3873686213038243,0.008004532783022947,5,0.06231125385012633,2.3873686213038243,624.6460768584333,1
0.12330895971661186,0.0014565714566908254,84.65699307108258,0.00017960831107745564,3,0.041385284858735015,84.65699307108258,16703.013251465058,1
0.13965739824593318,0.03830926498824967,3.645525391540905,0.005350172276972969,5,0.060078241003576595,3.645525391540905,934.5493455453568,1
0.13952371948414996,0.02951065019566838,4.727910722367936,0.0041174356796953105,5,0.056684517375653574,4.727910722367936,1214.3480527593813,1
0.13767291160665485,0.05042000834614052,2.7305213966152238,0.006941469352245004,5,0.059478596067318854,2.7305213966152238,720.3085897631896,1
0.1220585363760694,0.024758182938836394,4.9300280508310195,0.0030219475728453424,3,0.0457375338449184,4.9300280508310195,992.7372754436379,1
0.12230891531047726,0.02476413225684204,4.9389542117586105,0.0030288741549395507,3,0.045824989044241426,4.9389542117586105,990.4670338011692,1
0.16464789372761057,0.04901336977681573,3.359244517921153,0.008069948098245237,3,0.06534531335340708,3.359244517921153,371.7496027827406,1
0.13867469952694125,0.048942458470942383,2.8334232455705872,0.006787080722567736,5,0.05707290457529185,2.8334232455705872,736.6937575052688,1
0.14275948185757611,0.04177693141993902,3.4171844844842005,0.0059640530831099854,5,0.06045303932884967,3.4171844844842005,838.3560525575881,1
0.138813761223537,0.029135524558821582,4.764416063396645,0.004044411749230758,5,0.056964382724542406,4.764416063396645,1236.2737302775847,1
0.16258657646909705,0.03785249790469377,4.295266771520938,0.006154308045127829,3,0.062123069380138056,4.295266771520938,487.46341229620526,1
0.16789881076662644,0.056904075957942196,2.9505586012980944,0.009554126681112274,3,0.0683070613179592,2.9505586012980944,314.0004419169734,1
0.12183139597571224,0.024569664086096593,4.958610567437665,0.00299335647426347,3,0.04561688274821136,4.958610567437665,1002.219423511249,1
0.12248084948659611,0.012566474781632982,9.746635521491894,0.001539152506306295,3,0.04332756099688131,9.746635521491894,1949.1245914282342,1
0.12222015882078249,0.009879392710903493,12.371221834910253,0.0012074609461795059,3,0.04269339028701536,12.371221834910253,2484.552406843648,1
0.13971405799844402,0.010805685972796868,12.929679647379334,0.0015097062367163147,5,0.05459156607187311,12.929679647379334,3311.9025929675204,1
0.13783448834788992,0.03435522298636026,4.012038821654951,0.004735334582402633,5,0.05629919205962084,4.012038821654951,1055.8915981525174,1
0.12255198107800014,0.02013231221803178,6.087327662653413,0.002467254746000622,3,0.04492579377834727,6.087327662653413,1215.9263265631364,1
0.12277605009596602,0.015570654580216291,7.885092400159104,0.0019117034667676183,3,0.04405149811841295,7.885092400159104,1569.2810376457157,1
0.17192972097963585,0.05289586154181102,3.250343523448156,0.009094370715861019,3,0.06885473744524928,3.250343523448156,329.87439084354196,1
0.12178525995385119,0.013612172101307779,8.946791081355103,0.0016577619178943285,3,0.043299575765460896,8.946791081355103,1809.668787548557,1
0.13956549055937914,0.05187347647703053,2.690498112675723,0.00723974719153718,5,0.06063403453720969,2.690498112675723,690.6318504939915,1
0.1399041559241462,0.03528269664682076,3.9652342145098665,0.004936195893101162,5,0.058990509924465626,3.9652342145098665,1012.9257647550032,1
0.12302121393947697,0.004706244075633533,26.13999868311471,0.000578967859279909,3,0.04193428623823169,26.13999868311471,5181.634786655081,1
0.1704668201142536,0.08465317982826494,2.013708409537337,0.0144305583778844,6,0.07859101352957297,2.013708409537337,415.78432676557543,1
0.1620859546977637,0.023864058939689303,6.792053066387289,0.0038680287762032435,3,0.058935190554564275,6.792053066387289,775.5888525071217,1
0.12261144922584316,0.024273472165143233,5.05125300540701,0.0029762055999113766,3,0.04582648958575075,5.05125300540701,1007.9948778032444,1
0.16894947401168145,0.05978854257881839,2.8257834482076185,0.010101242820616387,3,0.06934052651026161,2.8257834482076185,296.9931575030623,1
0.1217717951254702,0.029513197972455225,4.126011530133748,0.0035938750969992605,3,0.04666719953523602,4.126011530133748,834.7535512586061,1
0.16861345079869375,0.06726598869852088,2.5066672483534225,0.01134195047584354,6,0.07375604398415812,2.5066672483534225,529.009539653607,1
0.16554601920299092,0.09884335616112028,1.6748320335576377,0.01636312413713689,6,0.0803846367839726,1.6748320335576377,366.67814469381887,1
0.1702271993551557,0.07717751599335103,2.2056579194622055,0.013137712400735883,6,0.07739495478425266,2.2056579194622055,456.700513528057,1
0.16968994094576004,0.0665637184413191,2.5492857808921,0.011295193451437636,6,0.07479853056056772,2.5492857808921,531.1994013910695,1
0.1714786057258098,0.08475662188937455,2.023188299666142,0.0145339473476196,6,0.08047364989221854,2.023188299666142,412.82659531463713,1
0.182410362498663,0.05323634937550906,3.4264250768212774,0.009710861787692078,3,0.07271226533494357,3.4264250768212774,308.93241666793324,1
0.17045471074723734,0.0760383013721861,2.2416954044371593,0.012961086666107242,6,0.07765896343147037,2.2416954044371593,462.92414784091955,1
0.12194558475895974,0.025077282361311164,4.862791071296285,0.0030580638617156365,3,0.045767986469226446,4.862791071296285,981.0128681606205,1
0.12205673438139038,0.04080151991066993,2.9914751864297964,0.004980100278093651,3,0.04928894140900089,2.9914751864297964,602.3975085795622,1
0.12192747124485898,0.03543858560570386,3.440528710751783,0.00432093712739793,3,0.04803815735088184,3.440528710751783,694.293832922906,1
0.16894597676399828,0.06954678918562693,2.4292419354266026,0.011749650229765613,6,0.07441903716780483,2.4292419354266026,510.6534988420409,1
0.1650212005484918,0.03592466707362191,4.593534581971407,0.00592833168979396,3,0.06258032342203469,4.593534581971407,506.0445597476793,1
0.16442084272521199,0.08000894974926534,2.0550306339538187,0.013155138943333346,6,0.07652820427906834,2.0550306339538187,456.09552478658014,1
0.17119637149159903,0.06817237722194927,2.511227838428369,0.01167086361635425,3,0.07207650464144084,2.511227838428369,257.0503862110198,1
0.16429007433756282,0.09161944437849112,1.7931791166388267,0.015052165327708509,6,0.07820273576096691,1.7931791166388267,398.6137455555984,1
0.16571763717285704,0.07395789333177838,2.2407025093243313,0.012256127333224513,6,0.07660959266418402,2.2407025093243313,489.55104959907726,1
0.1660644335939502,0.07639215636664076,2.1738414189662527,0.012686020178046676,6,0.07546385280577035,2.1738414189662527,472.961568387151,1
0.16105451899780412,0.013458530566175669,11.966723871220426,0.002167557166752667,3,0.05640211268333254,11.966723871220426,1384.0465414319199,1
0.12246789344446052,0.02727972955476057,4.489336787544828,0.003340891012306118,3,0.046423742486448094,4.489336787544828,897.9640428106002,1
0.12356326577104322,0.01996411590573504,6.189268102553318,0.00246683135954425,3,0.0452549530993418,6.189268102553318,1216.1350180639238,1
0.12224419020212494,0.014080734206555185,8.681663073024632,0.0017212879505316989,3,0.04355718638451687,8.681663073024632,1742.8809625218792,1
0.16636116044271534,0.09459956725493193,1.7585826792885475,0.01573769378590917,6,0.07933844559403665,1.7585826792885475,381.2502696787843,1
0.16869706870604043,0.047854851635637456,3.525182148520379,0.008072973194294503,3,0.0665465915144202,3.525182148520379,371.61030116143843,1
0.16081609743535327,0.06846033560059105,2.3490404483784753,0.011009524000401633,6,0.07254830786882974,2.3490404483784753,544.9826895132902,1
0.15537862731798074,0.05888305233160938,2.6387665239047227,0.00914916784357829,6,0.0683651324222149,2.6387665239047227,655.7973471009541,1
0.5908353564402266,0.18029372383110137,3.2770711253028386,0.10652390658368455,4,0.23956188172414108,3.2770711253028386,37.550256353559696,0
0.5464634692686026,0.01782006412172091,30.66562867203812,0.009738014062544563,6,0.2191549290574183,30.66562867203812,616.1420553989411,0
0.1576729545290432,0.06307809598617022,2.4996467008708185,0.00994570976020604,6,0.0694563225214881,2.4996467008708185,603.2751955025583,1
0.7412992848552354,0.24078848516270587,3.078632619638451,0.17849633185248934,7,0.3078820029363261,3.078632619638451,39.21649216738443,0
0.1545501847834985,0.06192963080444609,2.4955773637908227,0.009571235884400984,6,0.06779848663799484,2.4955773637908227,626.8782916298912,1
0.5965238887581779,0.2160482124462936,2.761068383782462,0.12887791984771602,5,0.25029971606721285,2.761068383782462,38.79640520197774,0
0.1414576529606097,0.030170817168994793,4.688558886829868,0.00426789298462967,3,0.05341540863288082,4.688558886829868,702.9229670950415,1
0.1905722531455132,0.08860988523383277,2.1506884095675307,0.016886585479976852,4,0.08513281651153914,2.1506884095675307,236.87441162945413,1
0.1518333076102798,0.07709002315932469,1.9695584640891923,0.011704833200033338,6,0.07120454198681025,1.9695584640891923,512.6087572083394,1
0.7489037758048339,0.23940305264067835,3.1282131432503855,0.17928985006180742,7,0.3097879146530476,3.1282131432503855,39.0429240561407,0
0.6802607523485724,0.2506480534289681,2.714007721354012,0.17050603340029502,7,0.2924453873397922,2.714007721354012,41.05426570780743,0
0.7019516685800946,0.2440409777748857,2.8763680385988546,0.1713049715509988,6,0.28770447766037077,2.8763680385988546,35.02525318253098,0
0.1916407973929276,0.04772876599107281,4.015205367529765,0.009146778773109637,3,0.07401038746557144,4.015205367529765,327.98431824104216,1
0.5468306668795428,0.013275390842302216,41.191304525442625,0.007259390827382696,6,0.21922313561779352,41.191304525442625,826.5156323265822,0
0.6674227534204903,0.2154209273101104,3.0982261647202836,0.14377682844970918,5,0.27099956768794786,3.0982261647202836,34.776118335013344,0
0.5445688988038848,0.018476281022809633,29.47394544018869,0.010061608010582557,6,0.21858072898718062,29.47394544018869,596.3261532042735,0
0.8180889460979297,0.25275772082709247,3.236652646735849,0.2067782974495508,9,0.34991499568970763,3.236652646735849,43.52487718009089,0
0.1572561941160976,0.03547873255254211,4.432407326930565,0.005579250453275672,3,0.06000211853802573,4.432407326930565,537.7066373205471,1
0.1907353094345918,0.04962473109312561,3.843553511184948,0.009465188440655721,3,0.07409885575419269,3.843553511184948,316.95090053507363,1
0.1377206268353941,0.007972450534981941,17.274566487568187,0.001097970885091886,3,0.047466862223747915,17.274566487568187,2732.3128880133636,1
0.15915528765771972,0.0375773000250914,4.2354104087160955,0.005980625994893861,3,0.061148940278551354,4.2354104087160955,501.6197305367933,1
0.13901827488085397,0.016420213589733668,8.466289072376727,0.0022827097664199288,3,0.049630639582478576,8.466289072376727,1314.227522101957,1
0.8971608309243205,0.24287672561407225,3.693893800058457,0.21789948496409928,10,0.3819202060059633,3.693893800058457,45.89271976318614,0
0.8218504446497148,0.07753112180967935,10.600265099570779,0.06371898693347618,9,0.3341309104664758,10.600265099570779,141.24518347092004,0
0.14766589424239907,0.05318496743118238,2.7764592397930556,0.007853605775978417,6,0.06482108790698535,2.7764592397930556,763.980287672704,1
0.8981640415749351,0.24507264001725393,3.6648890774249683,0.22011543283733598,10,0.3823285273612749,3.6648890774249683,45.43070820204571,0
0.1377857201920596,0.02879542440955265,4.784986608717956,0.003967598290506224,3,0.05180965136387605,4.784986608717956,756.1249351222075,1
0.8964070076560589,0.24213587939580714,3.7020825244603595,0.21705229909536383,10,0.381865437268475,3.7020825244603595,46.07184554910617,1
0.8219802042981903,0.26597667163202154,3.0904221759545853,0.21862755888664173,9,0.3530669991189964,3.0904221759545853,41.16589896457882,0
0.818006203763305,0.0807197236302277,10.133907389358061,0.0660292346955857,9,0.3326786618716111,10.133907389358061,136.3032608433622,0
0.13908978995720123,0.021461604991842412,6.480866179862572,0.0029850901304597824,3,0.05071579864977673,6.480866179862572,1004.9947803545621,1
0.8236968229120144,0.2597738834437323,3.1708223012742898,0.21397492246811825,9,0.35348285746265834,3.1708223012742898,42.06100367364768,0
0.8175729583894034,0.07100803273332514,11.513809451106003,0.058054247391196225,9,0.333534037494801,11.513809451106003,155.0274166738199,0
0.1459756333881439,0.047646744478788604,3.0637063452074758,0.006955263704174214,6,0.06323882664477486,3.0637063452074758,862.6560048900934,1
0.14712603908959743,0.029614160256711687,4.96809761999762,0.0043570140995345666,3,0.055089381752956655,4.96809761999762,688.5449373047638,1
0.8969822774225806,0.23839450626848682,3.762596258876759,0.21383564715773898,10,0.3810888630972139,3.762596258876759,46.764887580335724,0
0.8992776450543296,0.2445059165147672,3.6779381778273526,0.21987870480525035,10,0.3839513096957138,3.6779381778273526,45.47962026998995,0
0.8240438599627191,0.2464405592560911,3.3437834358523992,0.20307782970076052,9,0.35221757414069066,3.3437834358523992,44.31798396339813,0
0.14829422819651467,0.015728055884107105,9.428643265844643,0.0023323799083653143,3,0.052585232711065154,9.428643265844643,1286.239857083402,1
0.14657691099336448,0.06303405987544751,2.325360468340353,0.009239337783913877,6,0.06664607099773164,2.325360468340353,649.3971906131934,1
0.826455323528326,0.25278562104607555,3.2693921438580835,0.20891602222494318,9,0.35445790714929937,3.2693921438580835,43.079510628962474,0
0.9026425273838727,0.2421322696151771,3.7278902511360847,0.21855888380663674,10,0.38443902190697377,3.7278902511360847,45.75426002288332,0
0.9009263668119117,0.24913603057959682,3.6162026211783664,0.2244532188720175,10,0.3843790843944599,3.6162026211783664,44.55271370245738,1
0.13754967053651856,0.009799525157306171,14.036360775498036,0.001347921456801789,3,0.04778058842948577,14.036360775498036,2225.648968537154,1
0.1462749456261172,0.03756360546779045,3.8940603226051644,0.005494614347321967,6,0.06142983684424255,3.8940603226051644,1091.978366584427,1
0.7328638272382046,0.05922777464746632,12.37365124049204,0.04340589360694407,8,0.2991161127790235,12.37365124049204,184.30676885592698,0
0.13831812452995754,0.030154812184199718,4.586933710117166,0.004170957066871617,3,0.0522970849118077,4.586933710117166,719.2593814565727,1
0.1488801515432919,0.053681148121870303,2.773415933751917,0.00799205746740195,3,0.0610879318683753,2.773415933751917,375.3726762146565,1
0.1381954219010769,0.05409432767878358,2.5547118862756237,0.007475588436024598,3,0.057659696062424375,2.5547118862756237,401.30620160188397,1
0.8198969224116777,0.24394592981769134,3.360978078316015,0.20001051709238024,9,0.3516267562531284,3.360978078316015,44.99763377864329,0
0.09569109230005145,0.014049358392639108,6.81106493448035,0.0013443984507065315,3,0.03548280484336166,6.81106493448035,2231.481298139988,1
0.147319691281338,0.06439515631846326,2.2877449128747402,0.009486674548849511,7,0.06771199195633311,2.2877449128747402,737.8771100405166,1
0.1471423457579442,0.05576709626142348,2.6385154620239555,0.00820570136001493,7,0.06547971513650319,2.6385154620239555,853.0654106070542,1
1.550708763114766,0.03188987201768625,48.62699863626724,0.04945190399243443,6,0.6137735572264826,48.62699863626724,121.3300098802653,0
1.0623102205231756,0.0239537824686901,44.34832878321899,0.025446347936678358,5,0.40606151344452873,44.34832878321899,196.49185071438097,0
